"cyl","gears","mean","sd","n","se","names"
4,3,21.5,NA,1,NA,"4 cyl / 3  gear"
6,3,19.75,2.3334523779156,2,1.65,"6 cyl / 3  gear"
8,3,15.05,2.77439592114621,12,0.800899115956182,"8 cyl / 3  gear"
4,4,26.925,4.80736042810546,8,1.69965857916062,"4 cyl / 4  gear"
6,4,19.75,1.552417469626,4,0.776208734813001,"6 cyl / 4  gear"
4,5,28.2,3.11126983722081,2,2.2,"4 cyl / 5  gear"
6,5,19.7,NA,1,NA,"6 cyl / 5  gear"
8,5,15.4,0.565685424949239,2,0.4,"8 cyl / 5  gear"
